,date,symbol,absoluteIndex,relativeIndex,generalPerception,sentiment,redditPostMentions,redditPostSentiment,redditCommentMentions,redditCommentSentiment,tweetMentions,tweetSentiment,stocktwitsPostMentions,stocktwitsPostSentiment,yahooFinanceCommentMentions,yahooFinanceCommentSentiment
0,2021-11-11 01:38:27,SPY,2.2777025177887245,1.4025803911615977,0.96230634144451,0.7446707159702755,0.0,,99.0,0.6767676767676768,227.0,0.8810572687224669,284.0,0.58,5.0,0.8
1,2021-11-11 01:40:07,CMCSA,0.02142857142857143,1.060664416363743,0.9302063479292861,1.0,0.0,,0.0,,6.0,1.0,0.0,,0.0,
2,2021-11-11 01:37:07,KMI,0.002976190476190476,1.1124879526366533,1.0840018632575956,1.0,0.0,,0.0,,0.0,,0.0,,1.0,1.0
3,2021-11-11 01:36:58,INTC,0.051737821565407766,0.58573935130813,0.9535967916723463,0.86,0.0,,5.0,0.8,6.0,0.6666666666666666,2.0,1.0,2.0,1.0
4,2021-11-11 01:37:29,MU,0.04781061850027367,0.9248453212594807,1.0095530920533575,0.6555555555555556,0.0,,9.0,0.8888888888888888,4.0,0.5,1.0,,0.0,
5,2021-11-11 01:36:34,GE,0.07677887246852765,1.4759418036801264,0.9393201322588208,0.8833333333333332,0.0,,9.0,0.6666666666666666,6.0,0.8333333333333334,5.0,1.0,2.0,1.0
6,2021-11-11 01:35:26,BAC,0.06470306513409961,1.0846603791197744,0.9740997789482623,0.7428571428571428,0.0,,2.0,1.0,6.0,0.8333333333333334,4.0,,7.0,0.42857142857142855
7,2021-11-11 01:39:13,XLF,0.011111111111111112,1.1906777152806998,1.0000488393069673,1.0,0.0,,0.0,,2.0,1.0,1.0,,0.0,
8,2021-11-11 01:35:05,AAPL,0.4392583470169677,1.1473420568862145,0.9408407401532412,0.7581349206349206,0.0,,36.0,0.6388888888888888,56.0,0.875,23.0,0.5714285714285714,10.0,0.9
9,2021-11-11 01:37:27,MSFT,0.25473453749315816,1.0088016056518336,0.9731465958403039,0.8347578347578347,0.0,,36.0,0.8611111111111112,26.0,0.8461538461538461,11.0,0.8,0.0,
10,2021-11-11 01:41:04,SIRI,0.0,,,,0.0,,0.0,,0.0,,0.0,,0.0,
11,2021-11-11 01:36:51,HPQ,0.0,1.1891798461671441,1.0212365591397847,,0.0,,0.0,,0.0,,0.0,,0.0,
12,2021-11-11 01:42:01,CX,0.0,,,,0.0,,0.0,,0.0,,0.0,,0.0,
13,2021-11-11 01:41:20,CZR,0.01082375478927203,0.9999999999999947,1.0,1.0,0.0,,1.0,1.0,1.0,1.0,1.0,1.0,0.0,
14,2021-11-11 01:38:00,QQQ,0.3969622331691297,1.3467166293733557,1.0038971944079675,0.8740041407867494,0.0,,23.0,0.8260869565217391,50.0,0.92,36.0,0.8571428571428571,0.0,
15,2021-11-11 01:36:20,F,0.26051587301587303,1.6041046139022501,0.9628983278836134,0.8860225140712946,0.0,,0.0,,41.0,0.926829268292683,25.0,0.9230769230769231,5.0,0.8
16,2021-11-11 01:35:15,AMD,0.7474206349206349,0.9798078704424564,0.9405060699143046,0.820977011494253,0.0,,87.0,0.7011494252873564,29.0,0.896551724137931,79.0,0.9137931034482759,15.0,0.7333333333333333
17,2021-11-11 01:38:22,SNAP,0.04964422550629447,0.8313057790724618,0.9309871755186186,0.725,0.0,,4.0,0.5,8.0,0.875,2.0,,0.0,
18,2021-11-11 01:36:22,FB,0.24841954022988505,0.9474737674340421,0.9864265783213962,0.8497916666666667,0.0,,20.0,0.9,32.0,0.84375,15.0,0.6666666666666666,3.0,1.0
19,2021-11-11 01:39:08,WFC,0.010714285714285714,1.1278172989395763,0.9401800932119557,1.0,0.0,,0.0,,3.0,1.0,0.0,,0.0,
20,2021-11-11 01:40:40,AIG,0.0,0.32143547015493246,1.098692033293698,,0.0,,0.0,,0.0,,0.0,,0.0,
21,2021-11-11 01:38:32,T,0.07063492063492063,0.8379685443081832,1.006995121581064,0.9090909090909091,0.0,,0.0,,12.0,0.8333333333333334,7.0,1.0,0.0,
22,2021-11-11 01:35:42,C,0.017261904761904763,0.8089398039146757,0.9983244146302773,0.8636363636363636,0.0,,0.0,,4.0,0.75,0.0,,1.0,1.0
23,2021-11-11 01:38:56,VALE,0.011507936507936507,0.7376816736454676,1.1442089660371841,1.0,0.0,,0.0,,1.0,1.0,2.0,1.0,0.0,
24,2021-11-11 01:37:26,MS,0.042501368363437333,1.298864315499919,1.0958986711700145,0.7,0.0,,4.0,0.25,6.0,1.0,2.0,,0.0,
25,2021-11-11 01:37:05,JPM,0.05689655172413793,0.9800675193905343,0.9988567489968931,0.85,0.0,,5.0,1.0,8.0,0.75,3.0,,0.0,
26,2021-11-11 01:37:43,ORCL,0.007142857142857143,1.3086486559772028,1.046172354765032,1.0,0.0,,0.0,,2.0,1.0,0.0,,0.0,
27,2021-11-11 01:37:34,NKE,0.03196496989600438,1.015115346529848,1.0638246333203176,0.9,0.0,,2.0,1.0,6.0,0.8333333333333334,1.0,,0.0,
28,2021-11-11 01:37:49,PG,0.02193486590038314,1.3629160856528495,1.1453606630406652,1.0,0.0,,1.0,1.0,3.0,1.0,2.0,1.0,0.0,
29,2021-11-11 01:37:01,IWM,0.1184455391351943,0.8830089235702852,0.9688024369441716,0.725925925925926,0.0,,9.0,0.5555555555555556,16.0,0.75,8.0,0.8333333333333334,0.0,
30,2021-11-11 01:35:28,BBD,0.007142857142857143,1.5275467079723868,1.0260644777087848,1.0,0.0,,0.0,,2.0,1.0,0.0,,0.0,
31,2021-11-11 01:37:48,PFE,0.09250136836343732,0.6321803641192004,1.019335134332457,0.7775000000000001,0.0,,4.0,0.75,10.0,0.8,8.0,0.8,4.0,0.75
32,2021-11-11 01:37:02,JD,0.025793650793650792,1.4131935220056955,0.8835106540669839,1.0,0.0,,0.0,,5.0,1.0,2.0,1.0,0.0,
33,2021-11-11 01:37:36,NOK,0.010714285714285714,1.0952586395553128,0.9598823204375239,0.6666666666666666,0.0,,0.0,,3.0,0.6666666666666666,0.0,,0.0,
34,2021-11-11 01:38:46,TWTR,0.08264915161466886,1.5495912759563097,0.9706743444520325,0.8550000000000001,0.0,,1.0,1.0,15.0,0.9333333333333333,5.0,0.5,2.0,1.0
35,2021-11-11 01:40:08,AVGO,0.011111111111111112,0.9799888599186032,1.0589100086259087,0.7272727272727273,0.0,,0.0,,2.0,0.5,1.0,1.0,0.0,
36,2021-11-11 01:40:13,AMAT,0.024534756431308154,0.7401703828385319,1.0186679428248895,0.5333333333333333,0.0,,3.0,0.3333333333333333,3.0,0.6666666666666666,1.0,,0.0,
37,2021-11-11 01:38:51,UVXY,0.05575396825396826,1.4676024593364942,1.0151160439736584,0.8214285714285714,0.0,,0.0,,7.0,0.8571428571428571,4.0,1.0,5.0,0.6
38,2021-11-11 01:39:05,VXX,0.028373015873015873,1.3932218189908592,0.8896842063511127,0.45454545454545453,0.0,,0.0,,6.0,0.8333333333333334,1.0,,1.0,0.0
39,2021-11-11 01:39:18,ZNGA,0.022222222222222223,1.077860875755549,0.9727824897745502,0.8636363636363636,0.0,,0.0,,4.0,0.75,2.0,1.0,0.0,
40,2021-11-11 01:39:13,XOM,0.04759168035030104,1.3414052938499386,0.9654282091956117,0.6952380952380952,0.0,,7.0,0.8571428571428571,3.0,0.3333333333333333,2.0,,2.0,1.0
41,2021-11-11 01:37:59,QCOM,0.08030925013683635,0.503961542242741,0.9830065752035473,0.8308333333333333,0.0,,5.0,0.8,9.0,0.7777777777777778,5.0,1.0,4.0,0.75
42,2021-11-11 01:41:50,VIPS,0.007539682539682539,1.000000000000002,1.0,1.0,0.0,,0.0,,1.0,1.0,1.0,,0.0,
43,2021-11-11 01:36:36,GLD,0.10440613026819923,1.9108986198782631,1.0396285962954706,0.7577777777777777,0.0,,4.0,1.0,20.0,0.95,5.0,0.3333333333333333,0.0,
44,2021-11-11 01:35:58,CSCO,0.014107827038861522,1.3819483614363164,1.1148241425060335,0.8666666666666667,0.0,,2.0,0.5,1.0,1.0,1.0,1.0,0.0,
45,2021-11-11 01:40:11,AXP,0.01767925561029009,1.0393952914420421,0.9796847096599868,1.0,0.0,,2.0,1.0,2.0,1.0,1.0,,0.0,
46,2021-11-11 01:35:36,BMY,0.006855500821018061,1.1467694083849032,0.9859214965120138,1.0,0.0,,1.0,1.0,1.0,1.0,0.0,,0.0,
47,2021-11-11 01:38:54,V,0.01825396825396825,0.951465712774912,1.027769438723389,0.5,0.0,,0.0,,4.0,0.5,1.0,,0.0,
48,2021-11-11 01:38:51,USO,0.0125,1.3252452013416915,1.020771313459387,1.0,0.0,,0.0,,1.0,1.0,0.0,,3.0,1.0
49,2021-11-11 01:41:23,KEY,0.02142857142857143,1.0000000000000033,0.9999999999999967,0.8333333333333334,0.0,,0.0,,6.0,0.8333333333333334,0.0,,0.0,
50,2021-11-11 01:38:04,RF,0.003968253968253968,1.0052517465670938,1.0674846625766872,,0.0,,0.0,,0.0,,1.0,,0.0,
51,2021-11-11 01:41:01,KR,0.0035714285714285713,1.0000000000000022,1.0,1.0,0.0,,0.0,,1.0,1.0,0.0,,0.0,
52,2021-11-11 01:36:44,HAL,0.014682539682539682,1.8554316398182615,0.7853924371218648,0.3333333333333333,0.0,,0.0,,3.0,0.3333333333333333,1.0,,0.0,
53,2021-11-11 01:35:26,BABA,0.1901340996168582,1.2863095313829247,1.0104647922991539,0.91375,0.0,,15.0,0.8,20.0,0.95,16.0,0.875,2.0,1.0
54,2021-11-11 01:37:26,MRO,0.01646825396825397,0.9265882509381309,0.8910796221530224,0.625,0.0,,0.0,,1.0,0.0,1.0,1.0,3.0,1.0
55,2021-11-11 01:36:36,GILD,0.08780788177339902,1.383452010352924,0.9574395511834212,1.0,0.0,,1.0,1.0,7.0,1.0,15.0,,0.0,
56,2021-11-11 01:36:37,GM,0.8207580733442802,3.145576182301874,1.0236804364679004,0.8333333333333333,0.0,,12.0,0.8333333333333334,216.0,0.9722222222222222,1.0,1.0,2.0,0.5
57,2021-11-11 01:40:28,FCX,0.01825396825396825,1.0353515609092596,1.0522231352202929,0.75,0.0,,0.0,,4.0,0.75,1.0,,0.0,
58,2021-11-11 01:35:57,CRM,0.04906951286261631,1.037175917927688,0.9702547181721782,0.9,0.0,,6.0,1.0,6.0,0.8333333333333334,2.0,,0.0,
59,2021-11-11 01:35:22,ATVI,0.021250684181718667,0.5373496860786304,1.074217828852569,0.8,0.0,,2.0,1.0,3.0,0.6666666666666666,1.0,,0.0,
60,2021-11-11 01:38:27,SQ,0.11661193212917352,0.5502872179129656,0.9697124201696605,0.738095238095238,0.0,,14.0,0.6428571428571429,12.0,0.75,7.0,0.8,0.0,
61,2021-11-11 01:41:01,NUE,0.007252326217843459,0.9999999999999978,1.0,1.0,0.0,,1.0,1.0,0.0,,1.0,,0.0,
62,2021-11-11 01:39:13,XOP,0.0,1.112033189499161,1.0164009081569385,,0.0,,0.0,,0.0,,0.0,,0.0,
63,2021-11-11 01:37:14,LOW,0.024534756431308154,1.2178532881056874,0.988808526723452,1.0,0.0,,3.0,1.0,3.0,1.0,1.0,,0.0,
64,2021-11-11 01:38:01,RAD,0.027380952380952377,1.5782018069407524,1.0165969522322256,1.0,0.0,,0.0,,6.0,1.0,0.0,,2.0,1.0
65,2021-11-11 01:36:53,HYG,0.0035714285714285713,1.4243125566527834,1.0357181438448242,1.0,0.0,,0.0,,1.0,1.0,0.0,,0.0,
66,2021-11-11 01:40:37,SLB,0.014682539682539682,1.6402141133896286,1.0202510900238004,0.6666666666666666,0.0,,0.0,,3.0,0.6666666666666666,1.0,,0.0,
67,2021-11-11 01:41:17,FOXA,0.003968253968253968,1.000000000000002,,,0.0,,0.0,,0.0,,1.0,,0.0,
68,2021-11-11 01:35:04,ABBV,0.020279146141215107,1.1724055272622458,1.048532594171153,0.8,0.0,,4.0,0.5,2.0,1.0,0.0,,0.0,
69,2021-11-11 01:39:53,GIS,0.0,0.6397058823529423,0.9826203208556151,,0.0,,0.0,,0.0,,0.0,,0.0,
70,2021-11-11 01:39:05,VZ,0.019663382594417075,0.8970395698076585,0.9195133716810849,0.6666666666666666,0.0,,2.0,0.5,2.0,0.5,0.0,,2.0,1.0
71,2021-11-11 01:39:11,X,0.017261904761904763,0.7920245776540396,0.9867675357658406,0.8636363636363636,0.0,,0.0,,4.0,0.75,0.0,,1.0,1.0
72,2021-11-11 01:41:22,DVN,0.013820470717022441,0.9999999999999921,1.0000000000000047,0.6666666666666666,0.0,,3.0,0.6666666666666666,0.0,,1.0,,0.0,
73,2021-11-11 01:36:54,IBN,0.0,0.6391184573002764,,,0.0,,0.0,,0.0,,0.0,,0.0,
74,2021-11-11 01:40:43,MPC,0.003968253968253968,1.000000000000002,,,0.0,,0.0,,0.0,,1.0,,0.0,
75,2021-11-11 01:40:10,PM,0.029365079365079365,1.2737461438949178,0.9298287688216369,0.9090909090909091,0.0,,0.0,,6.0,0.8333333333333334,2.0,1.0,0.0,
76,2021-11-11 01:37:27,MSCI,0.006568144499178982,0.7612339156896343,0.986093552465234,1.0,0.0,,2.0,1.0,0.0,,0.0,,0.0,
77,2021-11-11 01:37:07,KO,0.02096332785987958,1.1423538496629448,1.0731832505213068,1.0,0.0,,3.0,1.0,2.0,1.0,1.0,,0.0,
78,2021-11-11 01:39:29,COP,0.011111111111111112,1.4828104810318565,1.0288350823052672,1.0,0.0,,0.0,,2.0,1.0,1.0,,0.0,
79,2021-11-11 01:36:06,DIS,0.8385331143951834,2.5180683241378503,0.9243629103632074,0.7263131313131315,0.0,,33.0,0.5454545454545454,100.0,0.9,85.0,0.5555555555555556,12.0,0.8333333333333334
80,2021-11-11 01:40:57,LEN,0.0,,,,0.0,,0.0,,0.0,,0.0,,0.0,
81,2021-11-11 01:39:48,CVX,0.3755062944718117,1.3089491694526634,0.9994773596116724,0.9294117647058823,0.0,,1.0,1.0,102.0,0.8823529411764706,2.0,,0.0,
82,2021-11-11 01:37:58,PYPL,0.32296113847837987,1.0280423445339626,1.0061234571302673,0.8986903922950434,0.0,,43.0,0.7674418604651163,22.0,0.8636363636363636,23.0,0.9444444444444444,4.0,1.0
83,2021-11-11 01:39:09,WMT,0.05099206349206349,1.2506545049048767,0.9983391826854704,0.9147727272727273,0.0,,0.0,,4.0,1.0,1.0,1.0,11.0,0.7272727272727273
84,2021-11-11 01:35:52,CLF,0.04210454296661193,0.7724708306853485,0.9767044725015537,0.75,0.0,,4.0,1.0,2.0,1.0,4.0,0.5,2.0,0.5
85,2021-11-11 01:37:26,MRK,0.0143951833607006,0.6172758794234573,1.0469343953453805,1.0,0.0,,1.0,1.0,2.0,1.0,1.0,1.0,0.0,
86,2021-11-11 01:40:16,MDLZ,0.0,1.1474820143884912,1.0174194542932018,,0.0,,0.0,,0.0,,0.0,,0.0,
87,2021-11-11 01:37:22,MGM,0.01836343732895457,0.7308418379226459,1.0260859623414447,1.0,0.0,,1.0,1.0,2.0,1.0,2.0,1.0,0.0,
88,2021-11-11 01:39:58,KGC,0.009523809523809525,2.977717554953331,0.9486849551276536,1.0,0.0,,0.0,,1.0,1.0,0.0,,2.0,1.0
89,2021-11-11 01:40:12,SCHW,0.0035714285714285713,1.2021781374990583,0.9772885525465422,1.0,0.0,,0.0,,1.0,1.0,0.0,,0.0,
90,2021-11-11 01:37:38,NVDA,0.5925971538040504,0.7278185144395419,0.925089677986518,0.860383597883598,0.0,,81.0,0.7037037037037037,42.0,0.8809523809523809,40.0,0.8214285714285714,6.0,1.0
91,2021-11-11 01:37:04,JNJ,0.04695539135194308,1.3763909314033043,1.0149673872336735,0.925,0.0,,3.0,1.0,4.0,0.75,5.0,1.0,1.0,1.0
92,2021-11-11 01:39:07,WDC,0.0,0.8503713652919461,0.9897648440935376,,0.0,,0.0,,0.0,,0.0,,0.0,
93,2021-11-11 01:40:23,BSX,0.0,0.6914187409456092,0.9321882704035293,,0.0,,0.0,,0.0,,0.0,,0.0,
94,2021-11-11 01:37:42,ON,0.0035714285714285713,0.7117048218833644,0.6852860802607624,1.0,0.0,,0.0,,1.0,1.0,0.0,,0.0,
95,2021-11-11 01:40:25,ITUB,0.007142857142857143,0.9787316955366749,1.027558482749756,1.0,0.0,,0.0,,2.0,1.0,0.0,,0.0,
96,2021-11-11 01:40:36,BK,0.007539682539682539,0.9802720064924118,1.0252796217150133,1.0,0.0,,0.0,,1.0,1.0,1.0,,0.0,
97,2021-11-11 01:39:58,HMY,0.0,1.7296509995507652,1.0174102285092492,,0.0,,0.0,,0.0,,0.0,,0.0,
98,2021-11-11 01:41:05,DAL,0.013711001642036123,0.9999999999999992,1.0,1.0,0.0,,2.0,1.0,2.0,1.0,0.0,,0.0,
99,2021-11-11 01:40:15,INFY,0.003284072249589491,0.9324649577846618,1.0089115213239974,1.0,0.0,,1.0,1.0,0.0,,0.0,,0.0,
100,2021-11-11 01:35:46,CCL,0.032163382594417075,0.756724291764431,0.9874779917513199,1.0,0.0,,2.0,1.0,3.0,1.0,3.0,1.0,1.0,1.0
101,2021-11-11 01:40:19,PBR,0.0035714285714285713,0.7471601588196599,1.0113174557116802,1.0,0.0,,0.0,,1.0,1.0,0.0,,0.0,
102,2021-11-11 01:41:42,DISCA,0.0,,,,0.0,,0.0,,0.0,,0.0,,0.0,
103,2021-11-11 01:40:08,ABT,0.0035714285714285713,0.8825489788374472,1.0117221890352321,1.0,0.0,,0.0,,1.0,1.0,0.0,,0.0,
104,2021-11-11 01:41:05,FITB,0.0,,,,0.0,,0.0,,0.0,,0.0,,0.0,
105,2021-11-11 01:40:16,USB,0.0,1.028596572260364,0.9720043771657851,,0.0,,0.0,,0.0,,0.0,,0.0,
106,2021-11-11 01:35:26,BA,0.14506020799124247,1.1088945202449687,0.9847631181802685,0.793939393939394,0.0,,2.0,0.5,11.0,1.0,16.0,0.9090909090909091,12.0,0.6666666666666666
107,2021-11-11 01:40:32,EBAY,0.02896825396825397,1.2881832920375613,1.01151008984689,0.42857142857142855,0.0,,0.0,,7.0,0.42857142857142855,1.0,,0.0,
108,2021-11-11 01:41:18,HBAN,0.0,,,,0.0,,0.0,,0.0,,0.0,,0.0,
109,2021-11-11 01:41:07,DB,0.0,,,,0.0,,0.0,,0.0,,0.0,,0.0,
110,2021-11-11 01:40:32,MRVL,0.0,0.6621607938436617,0.9697245439723489,,0.0,,0.0,,0.0,,0.0,,0.0,
111,2021-11-11 01:39:07,WBA,0.003284072249589491,0.7565614824360879,0.9569695571145275,1.0,0.0,,1.0,1.0,0.0,,0.0,,0.0,
112,2021-11-11 01:41:47,DISCK,0.003968253968253968,1.000000000000002,,,0.0,,0.0,,0.0,,1.0,,0.0,
113,2021-11-11 01:40:25,PGR,0.0,1.4940598583504707,0.9889908256880735,,0.0,,0.0,,0.0,,0.0,,0.0,
114,2021-11-11 01:39:12,XLE,0.0287903667214012,1.0498697232070617,1.1525477573333551,1.0,0.0,,2.0,1.0,4.0,1.0,2.0,,0.0,
115,2021-11-11 01:37:24,MO,0.02365216201423098,0.9428617808135211,1.0011113092153865,1.0,0.0,,4.0,1.0,1.0,1.0,1.0,,1.0,1.0
116,2021-11-11 01:40:09,MDT,0.017966611932129173,0.9642985810885679,0.9918844483412895,1.0,0.0,,1.0,1.0,3.0,1.0,1.0,,0.0,
117,2021-11-11 01:39:26,RIG,0.003968253968253968,1.5921377021450136,0.9455976987436991,,0.0,,0.0,,0.0,,1.0,,0.0,
118,2021-11-11 01:40:39,BCS,0.003284072249589491,0.8083055032812705,1.0036939313984168,1.0,0.0,,1.0,1.0,0.0,,0.0,,0.0,
119,2021-11-11 01:39:34,EOG,0.0,0.43124551247531884,0.9303110659954886,,0.0,,0.0,,0.0,,0.0,,0.0,
120,2021-11-11 01:41:27,HPE,0.011111111111111112,1.000000000000003,1.0,1.0,0.0,,0.0,,2.0,1.0,1.0,,0.0,
121,2021-11-11 01:40:09,TXN,0.014792008757525996,0.6457588235673132,1.0105576245693322,1.0,0.0,,1.0,1.0,1.0,1.0,2.0,,0.0,
122,2021-11-11 01:41:08,OKE,0.007252326217843459,0.9999999999999978,1.0,1.0,0.0,,1.0,1.0,0.0,,1.0,1.0,0.0,
123,2021-11-11 01:36:00,CVS,0.017966611932129173,0.7853413355328689,0.8412226479118762,0.6,0.0,,1.0,0.0,3.0,1.0,1.0,,0.0,
124,2021-11-11 01:41:06,HES,0.0,,,,0.0,,0.0,,0.0,,0.0,,0.0,
125,2021-11-11 01:41:43,GDDY,0.003968253968253968,1.000000000000002,1.0,1.0,0.0,,0.0,,0.0,,1.0,1.0,0.0,
126,2021-11-11 01:35:41,BX,0.031102900930487138,1.1807767098777775,1.0448015708188856,0.9199999999999999,0.0,,5.0,0.8,3.0,1.0,1.0,,0.0,
127,2021-11-11 01:41:55,TS,0.0,,,,0.0,,0.0,,0.0,,0.0,,0.0,
128,2021-11-11 01:37:44,OXY,0.03492063492063492,0.8920099072004098,0.8773042884246909,0.5,0.0,,0.0,,2.0,0.5,4.0,,4.0,0.5
129,2021-11-11 01:41:27,CVE,0.01710454296661193,1.0000000000000004,1.0,0.75,0.0,,4.0,0.75,0.0,,1.0,,0.0,
130,2021-11-11 01:41:03,SYF,0.0,,,,0.0,,0.0,,0.0,,0.0,,0.0,
131,2021-11-11 01:40:57,LUV,0.006855500821018061,0.9999999999999992,1.0,1.0,0.0,,1.0,1.0,1.0,1.0,0.0,,0.0,
132,2021-11-11 01:42:12,AA,0.011220580186097426,0.9999999999999942,,0.0,0.0,,1.0,0.0,0.0,,2.0,,0.0,
133,2021-11-11 01:40:26,ABEV,0.0,1.44227930321819,0.96721223007717,,0.0,,0.0,,0.0,,0.0,,0.0,
134,2021-11-11 01:39:03,VTI,0.127599890530925,0.999316963686203,0.9821235907273403,0.9483870967741936,0.0,,31.0,0.8064516129032258,5.0,1.0,2.0,1.0,0.0,
135,2021-11-11 01:40:56,EQR,0.0035714285714285713,1.0000000000000022,1.0,1.0,0.0,,0.0,,1.0,1.0,0.0,,0.0,
136,2021-11-11 01:36:18,ETSY,0.03438697318007663,0.6220608132267169,0.9169344796518883,0.5333333333333334,0.0,,6.0,0.8333333333333334,3.0,0.3333333333333333,1.0,,0.0,
137,2021-11-11 01:41:44,TAL,0.014196770662287903,1.0000000000000022,1.0,1.0,0.0,,1.0,1.0,0.0,,2.0,1.0,1.0,1.0
138,2021-11-11 01:38:49,UNH,0.021250684181718667,1.239517160755247,0.993637558157308,0.8,0.0,,2.0,0.5,3.0,1.0,1.0,,0.0,
139,2021-11-11 01:35:14,AMZN,0.44371921182266016,1.508321451325369,0.9679414965489491,0.8602667493796525,0.0,,26.0,0.7307692307692307,62.0,0.8387096774193549,33.0,0.85,2.0,1.0
140,2021-11-11 01:37:33,NFLX,0.07907772304324029,1.1384688239388971,0.9833517780611029,0.8736842105263157,0.0,,1.0,1.0,19.0,0.7894736842105263,2.0,,0.0,
141,2021-11-11 01:41:36,ENTG,0.0,,,,0.0,,0.0,,0.0,,0.0,,0.0,
142,2021-11-11 01:40:20,CSX,0.007252326217843459,1.0755264734343994,1.0596583442838372,1.0,0.0,,1.0,1.0,0.0,,1.0,,0.0,
143,2021-11-11 01:41:53,WYNN,0.007252326217843459,0.9999999999999978,1.0,1.0,0.0,,1.0,1.0,0.0,,1.0,,0.0,
144,2021-11-11 01:36:28,FOX,0.09285714285714286,0.9523821271693129,1.0956197251389286,0.8076923076923078,0.0,,0.0,,26.0,0.8076923076923077,0.0,,0.0,
145,2021-11-11 01:40:36,CNC,0.0,1.159716313805762,1.0150375939849625,,0.0,,0.0,,0.0,,0.0,,0.0,
146,2021-11-11 01:40:17,CI,0.003284072249589491,0.600817120138265,1.1553024621190495,1.0,0.0,,1.0,1.0,0.0,,0.0,,0.0,
147,2021-11-11 01:37:08,KRE,0.0035714285714285713,1.3543094907866082,0.9345385026030377,1.0,0.0,,0.0,,1.0,1.0,0.0,,0.0,
148,2021-11-11 01:40:54,WMB,0.003968253968253968,1.000000000000002,,,0.0,,0.0,,0.0,,1.0,,0.0,
149,2021-11-11 01:39:12,XL,0.019444444444444445,1.2006637592756222,0.9361279043180311,1.0,0.0,,0.0,,1.0,1.0,4.0,,0.0,
150,2021-11-11 01:40:39,PAYX,0.0,0.6916193629769801,1.0350877192982457,,0.0,,0.0,,0.0,,0.0,,0.0,
151,2021-11-11 01:36:01,D,0.015079365079365078,0.9102602156920961,0.9449221637428274,1.0,0.0,,0.0,,2.0,1.0,2.0,,0.0,
152,2021-11-11 01:41:25,CFG,0.007539682539682539,1.000000000000002,1.0,1.0,0.0,,0.0,,1.0,1.0,1.0,,0.0,
153,2021-11-11 01:39:13,XLI,0.0035714285714285713,0.5691211774064446,1.172834093300595,0.0,0.0,,0.0,,1.0,0.0,0.0,,0.0,
154,2021-11-11 01:38:30,SU,0.01311576354679803,0.6870301632315873,0.9858748828860304,0.6,0.0,,2.0,1.0,1.0,0.0,0.0,,1.0,1.0
155,2021-11-11 01:38:21,SLV,0.033045977011494254,1.948533486769034,0.9810027138960652,1.0,0.0,,1.0,1.0,5.0,1.0,3.0,,0.0,
156,2021-11-11 01:37:24,MMM,0.003284072249589491,0.9321136233247174,1.0125799505802995,1.0,0.0,,1.0,1.0,0.0,,0.0,,0.0,
157,2021-11-11 01:40:27,BIIB,0.0035714285714285713,1.2082379862700243,1.0604212915492817,1.0,0.0,,0.0,,1.0,1.0,0.0,,0.0,
158,2021-11-11 01:40:08,ACN,0.0,1.0813841299642775,1.033621883846099,,0.0,,0.0,,0.0,,0.0,,0.0,
159,2021-11-11 01:40:45,NTR,0.0,,,,0.0,,0.0,,0.0,,0.0,,0.0,
160,2021-11-11 01:38:14,SBUX,0.03564586754241926,0.7479881964700229,1.095209219574271,0.92,0.0,,3.0,1.0,5.0,0.8,2.0,1.0,0.0,
161,2021-11-11 01:36:19,EWU,0.0,0.5442176870748303,0.6282051282051282,,0.0,,0.0,,0.0,,0.0,,0.0,
162,2021-11-11 01:40:41,LVS,0.0035714285714285713,0.81175485202023,0.9247274575059679,1.0,0.0,,0.0,,1.0,1.0,0.0,,0.0,
163,2021-11-11 01:39:20,GSK,0.0035714285714285713,1.1482286026109236,1.0025073105931,1.0,0.0,,0.0,,1.0,1.0,0.0,,0.0,
164,2021-11-11 01:38:36,TEVA,0.019157088122605363,1.6165162902395813,1.0350584589568708,1.0,0.0,,1.0,1.0,0.0,,4.0,1.0,0.0,
165,2021-11-11 01:38:27,SQQQ,0.03225232621784346,1.9800857392527091,1.0673145813393698,0.9142857142857143,0.0,,1.0,1.0,7.0,0.8571428571428571,1.0,,0.0,
166,2021-11-11 01:41:02,VLO,0.006547619047619048,1.000000000000001,1.0000000000000056,0.5454545454545454,0.0,,0.0,,1.0,1.0,0.0,,1.0,0.0
167,2021-11-11 01:40:22,ADSK,0.003284072249589491,1.0003592579613756,1.0027831170911425,1.0,0.0,,1.0,1.0,0.0,,0.0,,0.0,
168,2021-11-11 01:36:45,HD,0.075,2.7259072186220012,0.9831285009244088,0.8571428571428571,0.0,,0.0,,21.0,0.8571428571428571,0.0,,0.0,
169,2021-11-11 01:35:33,BIDU,0.01697454844006568,1.2443039917925034,0.9447247399637796,1.0,0.0,,1.0,1.0,3.0,1.0,0.0,,1.0,1.0
170,2021-11-11 01:35:16,AR,0.056746031746031746,0.95414667915693,0.9907487919562431,0.84375,0.0,,0.0,,12.0,0.5833333333333334,2.0,1.0,2.0,1.0
171,2021-11-11 01:42:21,SPXU,0.0,,,,0.0,,0.0,,0.0,,0.0,,0.0,
172,2021-11-11 01:38:21,SM,0.0,1.3992464363074169,1.0311657224354356,,0.0,,0.0,,0.0,,0.0,,0.0,
173,2021-11-11 01:41:10,NTRS,0.0,,,,0.0,,0.0,,0.0,,0.0,,0.0,
174,2021-11-11 01:40:55,DHI,0.003284072249589491,1.0000000000000004,1.0,1.0,0.0,,1.0,1.0,0.0,,0.0,,0.0,
175,2021-11-11 01:38:47,UAL,0.01904761904761905,0.715683257621093,0.7490769082906948,1.0,0.0,,0.0,,2.0,1.0,3.0,,0.0,
176,2021-11-11 01:41:53,IPG,0.002976190476190476,1.000000000000003,1.0,1.0,0.0,,0.0,,0.0,,0.0,,1.0,1.0
177,2021-11-11 01:40:14,DE,0.015079365079365078,0.9552451055876455,1.251997580022407,1.0,0.0,,0.0,,2.0,1.0,2.0,1.0,0.0,
178,2021-11-11 01:37:06,KHC,0.02164750957854406,1.1365699833686578,0.8674440560955622,1.0,0.0,,2.0,1.0,2.0,1.0,2.0,1.0,0.0,
179,2021-11-11 01:36:54,IBM,0.020853858784893268,0.8520585692508377,0.9308970481400933,0.65,0.0,,2.0,0.5,4.0,0.75,0.0,,0.0,
180,2021-11-11 01:37:39,NYT,0.039285714285714285,1.3787834119496836,1.026371406890614,0.9090909090909091,0.0,,0.0,,11.0,0.9090909090909091,0.0,,0.0,
181,2021-11-11 01:35:05,AAL,0.021230158730158728,0.730758733380384,0.9988238407262119,1.0,0.0,,0.0,,4.0,1.0,1.0,,1.0,1.0
182,2021-11-11 01:40:30,JCI,0.0,0.6792739809369304,1.0952611218568664,,0.0,,0.0,,0.0,,0.0,,0.0,
183,2021-11-11 01:38:59,VICI,0.003968253968253968,0.7408600539406668,1.068208092485549,1.0,0.0,,0.0,,0.0,,1.0,1.0,0.0,
184,2021-11-11 01:42:03,NWL,0.0,,,,0.0,,0.0,,0.0,,0.0,,0.0,
185,2021-11-11 01:36:16,EPD,0.0,0.8399957360622552,1.0839056434756644,,0.0,,0.0,,0.0,,0.0,,0.0,
186,2021-11-11 01:40:33,KMB,0.0,1.514181250903052,0.8601615074024225,,0.0,,0.0,,0.0,,0.0,,0.0,
187,2021-11-11 01:35:10,AEP,0.0035714285714285713,1.2906168999481613,0.8398819532617273,1.0,0.0,,0.0,,1.0,1.0,0.0,,0.0,
188,2021-11-11 01:41:14,IT,0.0,,,,0.0,,0.0,,0.0,,0.0,,0.0,
189,2021-11-11 01:35:43,CAT,0.03622058018609743,0.8002074594197777,0.8963800456168228,0.9142857142857143,0.0,,1.0,1.0,7.0,0.8571428571428571,2.0,,0.0,
190,2021-11-11 01:41:49,XRAY,0.0,,,,0.0,,0.0,,0.0,,0.0,,0.0,
191,2021-11-11 01:40:52,KKR,0.0,,,,0.0,,0.0,,0.0,,0.0,,0.0,
192,2021-11-11 01:42:35,CMC,0.0035714285714285713,1.0000000000000022,1.0,1.0,0.0,,0.0,,1.0,1.0,0.0,,0.0,
193,2021-11-11 01:40:09,TMUS,0.011111111111111112,0.8262660721251718,1.1124041467892178,0.5,0.0,,0.0,,2.0,0.5,1.0,,0.0,
194,2021-11-11 01:41:50,CPB,0.0,,,,0.0,,0.0,,0.0,,0.0,,0.0,
195,2021-11-11 01:41:51,WRB,0.0,,,,0.0,,0.0,,0.0,,0.0,,0.0,
196,2021-11-11 01:38:37,TGT,0.049158456486042695,1.01034364478811,1.0571631701683082,1.0,0.0,,5.0,1.0,5.0,1.0,3.0,1.0,1.0,1.0
197,2021-11-11 01:39:38,GLW,0.0,0.7003879174543178,1.1401151631477928,,0.0,,0.0,,0.0,,0.0,,0.0,
198,2021-11-11 01:41:41,MAS,0.0,,,,0.0,,0.0,,0.0,,0.0,,0.0,
199,2021-11-11 01:41:12,DOV,0.0,,,,0.0,,0.0,,0.0,,0.0,,0.0,
200,2021-11-11 01:41:07,HRL,0.0,,,,0.0,,0.0,,0.0,,0.0,,0.0,
201,2021-11-11 01:41:57,TECK,0.0,,,,0.0,,0.0,,0.0,,0.0,,0.0,
202,2021-11-11 01:41:33,AES,0.0,,,,0.0,,0.0,,0.0,,0.0,,0.0,
203,2021-11-11 01:37:54,PPL,0.007142857142857143,0.6879831910136587,1.0668853227128972,1.0,0.0,,0.0,,2.0,1.0,0.0,,0.0,
204,2021-11-11 01:37:01,IXUS,0.0,0.9523809523809521,1.0,,0.0,,0.0,,0.0,,0.0,,0.0,
205,2021-11-11 01:37:34,NLY,0.0,1.4570725859788383,1.0369503360038745,,0.0,,0.0,,0.0,,0.0,,0.0,
206,2021-11-11 01:40:51,FRC,0.003968253968253968,1.000000000000002,,,0.0,,0.0,,0.0,,1.0,,0.0,
207,2021-11-11 01:38:30,STX,0.0503968253968254,1.0989813478107024,1.0322751086601194,0.923076923076923,0.0,,0.0,,13.0,0.9230769230769231,1.0,,0.0,
208,2021-11-11 01:35:07,ADBE,0.024822112753147236,1.1043293779616559,1.0309881803528678,0.85,0.0,,2.0,1.0,4.0,0.75,1.0,,0.0,
209,2021-11-11 01:37:05,K,0.0,1.0120028241939292,0.9071257110082168,,0.0,,0.0,,0.0,,0.0,,0.0,
210,2021-11-11 01:37:17,M,0.014682539682539682,0.8387288829351786,1.0021945311641896,1.0,0.0,,0.0,,3.0,1.0,1.0,,0.0,
211,2021-11-11 01:38:43,TSLA,6.034790640394089,1.2839018089047978,0.9768492170899282,0.8203746761774747,1.0,1.0,113.0,0.7168141592920354,635.0,0.8503937007874016,828.0,0.7468879668049793,21.0,0.9047619047619048
212,2021-11-11 01:39:49,KBE,0.0,0.7107275871242363,1.1103896103896105,,0.0,,0.0,,0.0,,0.0,,0.0,
213,2021-11-11 01:38:43,TSM,0.05332512315270937,1.7218426392495207,1.024017117310297,0.8361904761904762,0.0,,5.0,0.6,7.0,0.8571428571428571,3.0,1.0,0.0,
214,2021-11-11 01:38:29,STL,0.0,0.2924039534512996,1.10968775020016,,0.0,,0.0,,0.0,,0.0,,0.0,
215,2021-11-11 01:41:58,BAH,0.003968253968253968,1.000000000000002,,,0.0,,0.0,,0.0,,1.0,,0.0,
216,2021-11-11 01:40:29,MET,0.0,0.6334589193443532,0.7568518762922885,,0.0,,0.0,,0.0,,0.0,,0.0,
217,2021-11-11 01:40:45,AFL,0.003284072249589491,1.0000000000000004,,0.0,0.0,,1.0,0.0,0.0,,0.0,,0.0,
218,2021-11-11 01:42:01,TPR,0.0,,,,0.0,,0.0,,0.0,,0.0,,0.0,
219,2021-11-11 01:41:19,WPM,0.003284072249589491,1.0000000000000004,1.0,1.0,0.0,,1.0,1.0,0.0,,0.0,,0.0,
220,2021-11-11 01:41:44,LNT,0.0035714285714285713,1.0000000000000022,1.0,1.0,0.0,,0.0,,1.0,1.0,0.0,,0.0,
221,2021-11-11 01:35:40,BTG,0.013690476190476189,1.2262017278659967,0.9559064161092565,0.45454545454545453,0.0,,0.0,,3.0,0.0,0.0,,1.0,1.0
222,2021-11-11 01:41:39,LKQ,0.0,,,,0.0,,0.0,,0.0,,0.0,,0.0,
223,2021-11-11 01:41:21,PCG,0.006568144499178982,1.0000000000000004,1.0,1.0,0.0,,2.0,1.0,0.0,,0.0,,0.0,
224,2021-11-11 01:41:48,CLR,0.0,,,,0.0,,0.0,,0.0,,0.0,,0.0,
225,2021-11-11 01:37:15,LULU,0.01865079365079365,1.2890490115504896,1.025156480778714,0.36363636363636365,0.0,,0.0,,3.0,0.6666666666666666,2.0,0.0,0.0,
226,2021-11-11 01:41:35,CAG,0.02442528735632184,1.0000000000000027,1.000000000000002,0.4800000000000001,0.0,,2.0,0.0,5.0,0.8,0.0,,0.0,
227,2021-11-11 01:41:52,STLD,0.0,,,,0.0,,0.0,,0.0,,0.0,,0.0,
228,2021-11-11 01:37:48,PEP,0.016995073891625617,0.8852958288946517,0.9757740449795571,1.0,0.0,,3.0,1.0,2.0,1.0,0.0,,0.0,
229,2021-11-11 01:40:22,SO,0.0,0.41758270337748804,1.0448078692972973,,0.0,,0.0,,0.0,,0.0,,0.0,
230,2021-11-11 01:35:54,COST,0.0350711548987411,0.8233412318970446,0.9477248616025538,1.0,0.0,,5.0,1.0,3.0,1.0,2.0,1.0,0.0,
231,2021-11-11 01:35:45,CCI,0.0,1.1658854795844422,0.9517611648905882,,0.0,,0.0,,0.0,,0.0,,0.0,
232,2021-11-11 01:41:09,ZTO,0.007142857142857143,1.0000000000000022,,0.0,0.0,,0.0,,2.0,0.0,0.0,,0.0,
233,2021-11-11 01:36:41,GS,0.029365079365079365,1.10577401490429,0.9789611313596831,1.0,0.0,,0.0,,6.0,1.0,2.0,,0.0,
234,2021-11-11 01:35:09,ADT,0.003968253968253968,1.1885426502990248,0.9499682568465628,1.0,0.0,,0.0,,0.0,,1.0,1.0,0.0,
235,2021-11-11 01:40:24,EMR,0.011904761904761904,1.5449870181745586,0.9650349650349651,1.0,0.0,,0.0,,0.0,,3.0,1.0,0.0,
236,2021-11-11 01:41:45,CNP,0.0,,,,0.0,,0.0,,0.0,,0.0,,0.0,
237,2021-11-11 01:40:38,ALXN,0.0,0.19592934598441236,1.0106382978723405,,0.0,,0.0,,0.0,,0.0,,0.0,
238,2021-11-11 01:35:54,COTY,0.01865079365079365,0.9083948732237623,0.9780656277770585,0.6666666666666666,0.0,,0.0,,3.0,0.6666666666666666,2.0,,0.0,
239,2021-11-11 01:37:17,MA,0.06401888341543513,1.270917652596126,1.0296361666560159,1.0,0.0,,3.0,1.0,11.0,1.0,3.0,1.0,1.0,1.0
240,2021-11-11 01:40:16,ADP,0.0035714285714285713,1.905290102389081,1.1209880342499232,1.0,0.0,,0.0,,1.0,1.0,0.0,,0.0,
241,2021-11-11 01:40:39,BBVA,0.0,0.9016959798994993,0.8524590163934427,,0.0,,0.0,,0.0,,0.0,,0.0,
242,2021-11-11 01:40:31,MNST,0.0,0.8267169277889046,0.915390912337741,,0.0,,0.0,,0.0,,0.0,,0.0,
243,2021-11-11 01:39:53,AER,0.007539682539682539,2.980599347648822,0.9911067193675889,0.0,0.0,,0.0,,1.0,0.0,1.0,,0.0,
244,2021-11-11 01:40:12,AMT,0.0035714285714285713,1.0220521466450354,0.9174653095050894,1.0,0.0,,0.0,,1.0,1.0,0.0,,0.0,
245,2021-11-11 01:41:45,SJM,0.0,,,,0.0,,0.0,,0.0,,0.0,,0.0,
246,2021-11-11 01:40:23,ETN,0.02857142857142857,2.0855143208463187,1.0076479511456082,0.75,0.0,,0.0,,8.0,0.75,0.0,,0.0,
247,2021-11-11 01:40:17,DUK,0.003284072249589491,0.8377530391837589,0.9936486802191365,1.0,0.0,,1.0,1.0,0.0,,0.0,,0.0,
248,2021-11-11 01:40:21,CL,0.014285714285714285,1.0824459580455383,0.9378636096166825,0.5,0.0,,0.0,,4.0,0.5,0.0,,0.0,
249,2021-11-11 01:37:32,NEE,0.017966611932129173,0.8506126456842977,1.0117576995581203,1.0,0.0,,1.0,1.0,3.0,1.0,1.0,,0.0,
250,2021-11-11 01:40:42,PXD,0.0,0.7741732709507002,0.8652717096445084,,0.0,,0.0,,0.0,,0.0,,0.0,
251,2021-11-11 01:35:08,ADM,0.0,1.277916440586004,1.059800664451827,,0.0,,0.0,,0.0,,0.0,,0.0,
252,2021-11-11 01:41:13,VTR,0.0035714285714285713,1.0000000000000022,1.0,1.0,0.0,,0.0,,1.0,1.0,0.0,,0.0,
253,2021-11-11 01:40:23,VMW,0.0035714285714285713,0.6493638015606134,1.0561312328126768,1.0,0.0,,0.0,,1.0,1.0,0.0,,0.0,
254,2021-11-11 01:38:05,RIGL,0.0,0.7232921083627806,1.041698961401333,,0.0,,0.0,,0.0,,0.0,,0.0,
255,2021-11-11 01:40:16,LRCX,0.015079365079365078,0.7240910217814742,0.9525489260693287,0.7272727272727273,0.0,,0.0,,2.0,0.5,2.0,1.0,0.0,
256,2021-11-11 01:37:39,NXPI,0.003284072249589491,1.2545965585795542,1.0290072982835516,1.0,0.0,,1.0,1.0,0.0,,0.0,,0.0,
257,2021-11-11 01:41:30,CE,0.003284072249589491,1.0000000000000004,1.0,1.0,0.0,,1.0,1.0,0.0,,0.0,,0.0,
258,2021-11-11 01:36:53,HUN,0.0,0.9755469755469767,0.9742388758782201,,0.0,,0.0,,0.0,,0.0,,0.0,
259,2021-11-11 01:42:07,VER,0.0,,,,0.0,,0.0,,0.0,,0.0,,0.0,
260,2021-11-11 01:40:43,WELL,0.003284072249589491,1.0000000000000004,1.0,1.0,0.0,,1.0,1.0,0.0,,0.0,,0.0,
261,2021-11-11 01:40:16,TJX,0.0035714285714285713,0.5928119275818968,0.9519131334022748,1.0,0.0,,0.0,,1.0,1.0,0.0,,0.0,
262,2021-11-11 01:37:51,PLD,0.0035714285714285713,1.329570398243965,1.1568938193343898,1.0,0.0,,0.0,,1.0,1.0,0.0,,0.0,
263,2021-11-11 01:38:40,TLT,0.023255336617405583,1.4357993533285616,0.8253715193038537,0.9333333333333333,0.0,,4.0,0.75,2.0,1.0,0.0,,1.0,1.0
264,2021-11-11 01:41:21,DRI,0.0035714285714285713,1.0000000000000022,1.0,1.0,0.0,,0.0,,1.0,1.0,0.0,,0.0,
265,2021-11-11 01:36:15,ENDP,0.006547619047619048,0.5500256541816303,0.9579238003021674,1.0,0.0,,0.0,,1.0,1.0,0.0,,1.0,1.0
266,2021-11-11 01:40:54,VFC,0.0,,,,0.0,,0.0,,0.0,,0.0,,0.0,
267,2021-11-11 01:36:50,HON,0.007539682539682539,0.8914263744713565,0.9594190850011662,1.0,0.0,,0.0,,1.0,1.0,1.0,,0.0,
268,2021-11-11 01:41:08,YNDX,0.0,,,,0.0,,0.0,,0.0,,0.0,,0.0,
269,2021-11-11 01:36:40,GOOGL,0.06635194307608101,1.1194826171938346,0.9920477728125019,0.8777777777777779,0.0,,8.0,0.875,9.0,0.7777777777777778,2.0,1.0,0.0,
270,2021-11-11 01:36:55,ICE,0.0909688013136289,0.7979761632154587,1.0038379266076505,0.7868421052631579,0.0,,19.0,0.8421052631578947,8.0,0.75,0.0,,0.0,
271,2021-11-11 01:41:05,WY,0.0,,,,0.0,,0.0,,0.0,,0.0,,0.0,
272,2021-11-11 01:41:03,BLL,0.010714285714285714,1.0000000000000033,1.0,1.0,0.0,,0.0,,3.0,1.0,0.0,,0.0,
273,2021-11-11 01:41:41,CGNX,0.0,,,,0.0,,0.0,,0.0,,0.0,,0.0,
274,2021-11-11 01:40:11,AMGN,0.007142857142857143,1.3644146469586653,1.0135572103632733,0.5,0.0,,0.0,,2.0,0.5,0.0,,0.0,
275,2021-11-11 01:41:58,IVZ,0.0,,,,0.0,,0.0,,0.0,,0.0,,0.0,
276,2021-11-11 01:36:05,DG,0.0,0.8014571948998191,1.0257090698987161,,0.0,,0.0,,0.0,,0.0,,0.0,
277,2021-11-11 01:41:54,SID,0.0,,,,0.0,,0.0,,0.0,,0.0,,0.0,
278,2021-11-11 01:41:04,Z,0.0,,,,0.0,,0.0,,0.0,,0.0,,0.0,
279,2021-11-11 01:40:18,CME,0.002976190476190476,0.18959142852458416,0.8742532701058737,0.0,0.0,,0.0,,0.0,,0.0,,1.0,0.0
280,2021-11-11 01:35:34,BKD,0.0,0.045343137254901834,0.8061966606221156,,0.0,,0.0,,0.0,,0.0,,0.0,
281,2021-11-11 01:40:35,EXC,0.0,1.5631360723709036,1.0196629213483144,,0.0,,0.0,,0.0,,0.0,,0.0,
282,2021-11-11 01:42:04,TAP,0.0035714285714285713,1.0000000000000022,1.0,1.0,0.0,,0.0,,1.0,1.0,0.0,,0.0,
283,2021-11-11 01:40:10,UNP,0.011111111111111112,1.2287524850894653,1.0826446280991735,1.0,0.0,,0.0,,2.0,1.0,1.0,,0.0,
284,2021-11-11 01:40:20,BDX,0.0,0.39340709716405226,1.0152698416452783,,0.0,,0.0,,0.0,,0.0,,0.0,
285,2021-11-11 01:36:37,GME,0.5438013136288998,1.0839040422616524,0.9471399668209697,0.7301751618521805,1.0,1.0,63.0,0.7301587301587301,46.0,0.7608695652173914,30.0,0.8695652173913043,2.0,0.5
286,2021-11-11 01:41:17,LB,0.0,,,,0.0,,0.0,,0.0,,0.0,,0.0,
287,2021-11-11 01:37:31,NCLH,0.006547619047619048,0.7907450727280089,0.8890605517603205,0.5454545454545454,0.0,,0.0,,1.0,1.0,0.0,,1.0,0.0
288,2021-11-11 01:37:12,LMT,0.003284072249589491,0.8279041886480352,0.7066396149735662,0.0,0.0,,1.0,0.0,0.0,,0.0,,0.0,
289,2021-11-11 01:42:10,TBT,0.0,,,,0.0,,0.0,,0.0,,0.0,,0.0,
290,2021-11-11 01:39:24,WEN,0.030131362889983578,3.037273841180459,0.9864421176722704,1.0,0.0,,7.0,1.0,2.0,1.0,0.0,,0.0,
291,2021-11-11 01:39:00,VNQ,0.003284072249589491,0.9132653898881122,1.0345116448808973,1.0,0.0,,1.0,1.0,0.0,,0.0,,0.0,
292,2021-11-11 01:41:59,GPS,0.021250684181718667,1.0000000000000033,1.0,1.0,0.0,,2.0,1.0,3.0,1.0,1.0,,0.0,
293,2021-11-11 01:40:42,SYY,0.0,0.3318923171237169,1.1024478694469635,,0.0,,0.0,,0.0,,0.0,,0.0,
294,2021-11-11 01:41:09,FTV,0.0,,,,0.0,,0.0,,0.0,,0.0,,0.0,
295,2021-11-11 01:41:56,BKI,0.0,,,,0.0,,0.0,,0.0,,0.0,,0.0,
296,2021-11-11 01:40:43,CTSH,0.0,,,,0.0,,0.0,,0.0,,0.0,,0.0,
297,2021-11-11 01:41:30,HOLX,0.0,,,,0.0,,0.0,,0.0,,0.0,,0.0,
298,2021-11-11 01:41:15,EIX,0.007539682539682539,1.000000000000002,1.0,1.0,0.0,,0.0,,1.0,1.0,1.0,,0.0,
299,2021-11-11 01:38:50,URA,0.01767925561029009,1.1489286654877853,0.7490237398776535,0.8666666666666667,0.0,,2.0,0.5,2.0,1.0,1.0,1.0,0.0,
300,2021-11-11 01:41:44,CTXS,0.0,,,,0.0,,0.0,,0.0,,0.0,,0.0,
301,2021-11-11 01:40:17,PNC,0.0,1.2871076375651305,0.9466331377479742,,0.0,,0.0,,0.0,,0.0,,0.0,
302,2021-11-11 01:39:59,SABR,0.0,1.0722785447224634,1.0084947332653753,,0.0,,0.0,,0.0,,0.0,,0.0,
303,2021-11-11 01:40:36,WIT,0.0035714285714285713,0.8055555555555559,1.222222222222222,0.0,0.0,,0.0,,1.0,0.0,0.0,,0.0,
304,2021-11-11 01:40:52,LYB,0.0,,,,0.0,,0.0,,0.0,,0.0,,0.0,
305,2021-11-11 01:41:16,DISH,0.021825396825396824,0.9999999999999946,1.0,1.0,0.0,,0.0,,5.0,1.0,1.0,,0.0,
306,2021-11-11 01:41:05,MGA,0.007539682539682539,1.000000000000002,1.0,1.0,0.0,,0.0,,1.0,1.0,1.0,1.0,0.0,
307,2021-11-11 01:35:38,BP,0.006568144499178982,1.0488057238494677,1.1055434016452843,1.0,0.0,,2.0,1.0,0.0,,0.0,,0.0,
308,2021-11-11 01:40:43,XEL,0.0035714285714285713,1.0000000000000022,1.0,1.0,0.0,,0.0,,1.0,1.0,0.0,,0.0,
309,2021-11-11 01:38:49,UPS,0.021538040503557742,1.2591476653109648,1.051983093206946,0.85,0.0,,1.0,1.0,4.0,0.75,1.0,,0.0,
310,2021-11-11 01:41:11,VMC,0.007142857142857143,1.0000000000000022,1.0,1.0,0.0,,0.0,,2.0,1.0,0.0,,0.0,
311,2021-11-11 01:40:14,ANTM,0.011507936507936507,2.185588487972511,0.9192692987625222,1.0,0.0,,0.0,,1.0,1.0,2.0,,0.0,
312,2021-11-11 01:36:34,GD,0.003284072249589491,0.36489255432865686,1.0,1.0,0.0,,1.0,1.0,0.0,,0.0,,0.0,
313,2021-11-11 01:36:27,FNF,0.003284072249589491,1.0964043310079985,1.0,1.0,0.0,,1.0,1.0,0.0,,0.0,,0.0,
314,2021-11-11 01:41:46,NWS,0.0,,,,0.0,,0.0,,0.0,,0.0,,0.0,
315,2021-11-11 01:41:17,CHD,0.0,,,,0.0,,0.0,,0.0,,0.0,,0.0,
316,2021-11-11 01:40:35,DLR,0.0,0.4179769392033547,1.037837837837838,,0.0,,0.0,,0.0,,0.0,,0.0,
317,2021-11-11 01:36:59,IP,0.014107827038861522,0.5905536419832254,0.9381928434518007,1.0,0.0,,2.0,1.0,1.0,1.0,1.0,,0.0,
318,2021-11-11 01:38:15,SE,0.06288998357963875,1.0500188352979967,0.9990437006626768,0.9111111111111111,0.0,,9.0,0.6666666666666666,6.0,1.0,3.0,1.0,0.0,
319,2021-11-11 01:35:45,CC,0.01865079365079365,1.035739017854456,0.9036460542574183,1.0,0.0,,0.0,,3.0,1.0,2.0,,0.0,
320,2021-11-11 01:36:02,DAN,0.0035714285714285713,0.7272727272727283,1.0677966101694916,1.0,0.0,,0.0,,1.0,1.0,0.0,,0.0,
321,2021-11-11 01:40:53,ZBH,0.0,,,,0.0,,0.0,,0.0,,0.0,,0.0,
322,2021-11-11 01:41:50,NVAX,0.20132047071702242,1.0000000000000027,1.0000000000000038,0.8988505747126435,0.0,,3.0,0.6666666666666666,5.0,1.0,22.0,1.0,29.0,0.8620689655172413
323,2021-11-11 01:35:29,BBY,0.0,0.5770643164410876,0.9662063250428036,,0.0,,0.0,,0.0,,0.0,,0.0,
324,2021-11-11 01:41:25,GRUB,0.011111111111111112,1.000000000000003,1.0,1.0,0.0,,0.0,,2.0,1.0,1.0,,0.0,
325,2021-11-11 01:35:34,BG,0.0,1.4907806983130665,1.077326343381389,,0.0,,0.0,,0.0,,0.0,,0.0,
326,2021-11-11 01:42:44,LC,0.0035714285714285713,1.0000000000000022,1.0,1.0,0.0,,0.0,,1.0,1.0,0.0,,0.0,
327,2021-11-11 01:41:56,PWR,0.0,,,,0.0,,0.0,,0.0,,0.0,,0.0,
328,2021-11-11 01:36:12,DXCM,0.011904761904761904,2.281212632763593,1.052776299491153,1.0,0.0,,0.0,,0.0,,3.0,1.0,0.0,
329,2021-11-11 01:40:29,NEM,0.01904761904761905,1.4758173374192087,0.9605839687065459,0.7272727272727273,0.0,,0.0,,2.0,0.5,3.0,1.0,0.0,
